{
"__comment":"Made by Know2Good, part of the 'Default 3D' resource pack || Official download page: http://www.planetminecraft.com/texture_pack/default-3d-2985741/ || © Know2Good. All rights reserved. ",
"__comment":"OK",

"parent": "block/generic_coal_ore_sub3",

"textures": {
	"main": 	"know2good/blocks/stone/stone_alt10/stone",
	"north": 	"know2good/blocks/stone/stone_alt10/stone_north",
	"east": 	"know2good/blocks/stone/stone_alt10/stone_east",
	"south": 	"know2good/blocks/stone/stone_alt10/stone_south",
	"west": 	"know2good/blocks/stone/stone_alt10/stone_west",
	"ore": 		"know2good/blocks/ore/coal_alt2/coal_ore_sparkle",
	"particle": "know2good/blocks/stone/stone_alt10/stone"
    }
}