{
"__comment":"Made by Know2Good, part of the 'Default 3D™' resource pack || Official download page: http://www.planetminecraft.com/texture_pack/default-3d-2985741/ || © Know2Good. All rights reserved. ",
    "variants": {
        "normal": [
            { "model": "netherrack", "weight": 590 },
            { "model": "netherrack", "y": 90, "weight": 620 },
            { "model": "netherrack", "y": 180, "weight": 600 },
			{ "model": "netherrack", "y": 270, "weight": 610 },
			
			{ "model": "netherrack_alt1", "weight": 590 },
            { "model": "netherrack_alt1", "y": 90, "weight": 620 },
            { "model": "netherrack_alt1", "y": 180, "weight": 600 },
			{ "model": "netherrack_alt1", "y": 270, "weight": 610 },
			
			{ "model": "netherrack_alt2", "weight": 590 },
            { "model": "netherrack_alt2", "y": 90, "weight": 620 },
            { "model": "netherrack_alt2", "y": 180, "weight": 600 },
			{ "model": "netherrack_alt2", "y": 270, "weight": 610 },
			
			{ "model": "netherrack_alt3", "weight": 590 },
            { "model": "netherrack_alt3", "y": 90, "weight": 620 },
            { "model": "netherrack_alt3", "y": 180, "weight": 600 },
			{ "model": "netherrack_alt3", "y": 270, "weight": 610 },
			
			{ "model": "netherrack_alt4", "weight": 590 },
            { "model": "netherrack_alt4", "y": 90, "weight": 620 },
            { "model": "netherrack_alt4", "y": 180, "weight": 600 },
			{ "model": "netherrack_alt4", "y": 270, "weight": 610 },
			
			{ "model": "netherrack_alt5", "weight": 590 },
            { "model": "netherrack_alt5", "y": 90, "weight": 620 },
            { "model": "netherrack_alt5", "y": 180, "weight": 600 },
			{ "model": "netherrack_alt5", "y": 270, "weight": 610 },
			
			{ "model": "netherrack_bone_white", "weight": 3 },
            { "model": "netherrack_bone_white", "y": 90, "weight": 6 },
            { "model": "netherrack_bone_white", "y": 180, "weight": 4 },
			{ "model": "netherrack_bone_white", "y": 270, "weight": 5 },
			
			{ "model": "netherrack_bone_white_alt1", "weight": 3 },
            { "model": "netherrack_bone_white_alt1", "y": 90, "weight": 6 },
            { "model": "netherrack_bone_white_alt1", "y": 180, "weight": 4 },
			{ "model": "netherrack_bone_white_alt1", "y": 270, "weight": 5 },
			
			{ "model": "netherrack_bone_white_alt2", "weight": 3 },
            { "model": "netherrack_bone_white_alt2", "y": 90, "weight": 6 },
            { "model": "netherrack_bone_white_alt2", "y": 180, "weight": 4 },
			{ "model": "netherrack_bone_white_alt2", "y": 270, "weight": 5 },
			
			{ "model": "netherrack_bone_white_alt3", "weight": 3 },
            { "model": "netherrack_bone_white_alt3", "y": 90, "weight": 6 },
            { "model": "netherrack_bone_white_alt3", "y": 180, "weight": 4 },
			{ "model": "netherrack_bone_white_alt3", "y": 270, "weight": 5 },
			
			{ "model": "netherrack_bone_white_alt4", "weight": 3 },
            { "model": "netherrack_bone_white_alt4", "y": 90, "weight": 6 },
            { "model": "netherrack_bone_white_alt4", "y": 180, "weight": 4 },
			{ "model": "netherrack_bone_white_alt4", "y": 270, "weight": 5 },
			
			{ "model": "netherrack_bone_white_alt5", "weight": 3 },
            { "model": "netherrack_bone_white_alt5", "y": 90, "weight": 6 },
            { "model": "netherrack_bone_white_alt5", "y": 180, "weight": 4 },
			{ "model": "netherrack_bone_white_alt5", "y": 270, "weight": 5 },
			
			{ "model": "netherrack_bone_black", "weight": 3 },
            { "model": "netherrack_bone_black", "y": 90, "weight": 6 },
            { "model": "netherrack_bone_black", "y": 180, "weight": 4 },
			{ "model": "netherrack_bone_black", "y": 270, "weight": 5 },
			
			{ "model": "netherrack_bone_black_alt1", "weight": 3 },
            { "model": "netherrack_bone_black_alt1", "y": 90, "weight": 6 },
            { "model": "netherrack_bone_black_alt1", "y": 180, "weight": 4 },
			{ "model": "netherrack_bone_black_alt1", "y": 270, "weight": 5 },
			
			{ "model": "netherrack_bone_black_alt2", "weight": 3 },
            { "model": "netherrack_bone_black_alt2", "y": 90, "weight": 6 },
            { "model": "netherrack_bone_black_alt2", "y": 180, "weight": 4 },
			{ "model": "netherrack_bone_black_alt2", "y": 270, "weight": 5 },
			
			{ "model": "netherrack_bone_black_alt3", "weight": 3 },
            { "model": "netherrack_bone_black_alt3", "y": 90, "weight": 6 },
            { "model": "netherrack_bone_black_alt3", "y": 180, "weight": 4 },
			{ "model": "netherrack_bone_black_alt3", "y": 270, "weight": 5 },
			
			{ "model": "netherrack_bone_black_alt4", "weight": 3 },
            { "model": "netherrack_bone_black_alt4", "y": 90, "weight": 6 },
            { "model": "netherrack_bone_black_alt4", "y": 180, "weight": 4 },
			{ "model": "netherrack_bone_black_alt4", "y": 270, "weight": 5 },
			
			{ "model": "netherrack_bone_black_alt5", "weight": 3 },
            { "model": "netherrack_bone_black_alt5", "y": 90, "weight": 6 },
            { "model": "netherrack_bone_black_alt5", "y": 180, "weight": 4 },
			{ "model": "netherrack_bone_black_alt5", "y": 270, "weight": 5 }
        ]
    }
}

