{
    "variants": {
		"half=bottom":[
			{ "model": "half_slab_oak", "weight": 40 },
			
			{ "model": "half_slab_oak_alt1", "weight": 30 },
			{ "model": "half_slab_oak_alt2", "weight": 30 },
			{ "model": "half_slab_oak_alt3", "weight": 30 },
			{ "model": "half_slab_oak_alt4", "weight": 30 },
			
			{ "model": "half_slab_oak_alt5", "weight": 10 },
			{ "model": "half_slab_oak_alt6", "weight": 10 },
			{ "model": "half_slab_oak_alt7", "weight": 10 },
			{ "model": "half_slab_oak_alt8", "weight": 10 },
			{ "model": "half_slab_oak_alt9", "weight": 10 },
			{ "model": "half_slab_oak_alt10", "weight": 10 },
			
			{ "model": "half_slab_oak_alt11", "weight": 10 },
			{ "model": "half_slab_oak_alt12", "weight": 10 },
			{ "model": "half_slab_oak_alt13", "weight": 10 },
			{ "model": "half_slab_oak_alt14", "weight": 10 },
			
			{ "model": "half_slab_oak_alt15", "weight": 5 }
		],
		"half=top":[
			{ "model": "upper_slab_oak", "weight": 40 },
			
			{ "model": "upper_slab_oak_alt1", "weight": 30 },
			{ "model": "upper_slab_oak_alt2", "weight": 30 },
			{ "model": "upper_slab_oak_alt3", "weight": 30 },
			{ "model": "upper_slab_oak_alt4", "weight": 30 },
			
			{ "model": "upper_slab_oak_alt5", "weight": 10 },
			{ "model": "upper_slab_oak_alt6", "weight": 10 },
			{ "model": "upper_slab_oak_alt7", "weight": 10 },
			{ "model": "upper_slab_oak_alt8", "weight": 10 },
			{ "model": "upper_slab_oak_alt9", "weight": 10 },
			{ "model": "upper_slab_oak_alt10", "weight": 10 },
			
			{ "model": "upper_slab_oak_alt11", "weight": 10 },
			{ "model": "upper_slab_oak_alt12", "weight": 10 },
			{ "model": "upper_slab_oak_alt13", "weight": 10 },
			{ "model": "upper_slab_oak_alt14", "weight": 10 },
			
			{ "model": "upper_slab_oak_alt15", "weight": 5 }
		]
    }
}
